,City,Cloudiness,Country,Date,Humidity,Latitude,Longitude,Max Temp,Wind Speed
0,Eloy,40,US,1563422502,32,32.76,-111.56,100.4,10.29
1,Ushuaia,40,AR,1563422443,52,-54.81,-68.31,41.0,11.41
2,Port Hardy,75,CA,1563422504,82,50.7,-127.42,57.2,9.17
3,Cape Town,75,ZA,1563422406,93,-33.93,18.42,62.01,18.34
4,Longyearbyen,75,NO,1563422507,75,78.22,15.63,44.6,6.93
5,Ahipara,9,NZ,1563422508,100,-35.17,173.16,61.0,12.01
6,Esperance,75,AU,1563422492,100,-33.86,121.89,57.2,3.36
7,Bara,100,NG,1563422510,90,10.41,10.6,74.57,6.24
8,Puerto Ayora,28,EC,1563422216,95,-0.74,-90.35,69.01,5.01
9,Port Elizabeth,90,US,1563422319,94,39.31,-74.98,77.0,14.99
10,Flin Flon,100,CA,1563422513,82,54.77,-101.88,59.63,2.06
11,Nikolskoye,90,RU,1563422515,88,59.7,30.79,63.0,8.95
12,Bluff,0,AU,1563422297,29,-23.58,149.07,67.19,2.77
13,Vanimo,21,PG,1563422517,80,-2.67,141.3,80.51,8.93
14,New Norfolk,75,AU,1563422423,53,-42.78,147.06,55.99,11.41
15,Straumen,0,NO,1563422519,87,63.87,11.3,57.0,6.93
16,Taltal,9,CL,1563422520,83,-25.41,-70.49,49.55,2.73
17,Bowen,0,AU,1563422521,33,-20.01,148.25,75.0,12.75
18,Nouadhibou,9,MR,1563422522,88,20.93,-17.03,68.0,12.75
19,Port Alfred,46,ZA,1563422302,53,-33.59,26.89,57.99,1.99
20,Albany,90,US,1563422207,100,42.65,-73.75,73.4,2.28
21,Kibakwe,0,TZ,1563422526,91,-6.71,36.37,53.87,4.9
22,Tuktoyaktuk,75,CA,1563422527,87,69.44,-133.03,53.6,9.17
23,Zyryanskoye,88,RU,1563422528,68,56.83,86.62,69.53,2.64
24,Pangnirtung,7,CA,1563422529,66,66.15,-65.72,46.85,2.71
25,Kodiak,1,US,1563422530,37,39.95,-94.76,87.8,10.29
26,Ponta do Sol,67,BR,1563422485,77,-20.63,-46.0,52.43,5.61
27,Hobart,75,AU,1563422420,53,-42.88,147.33,55.99,11.41
28,Aklavik,75,CA,1563422533,64,68.22,-135.01,68.0,9.17
29,Cabo San Lucas,5,MX,1563422309,65,22.89,-109.91,86.0,13.87
30,Dingle,92,PH,1563422437,73,11.0,122.67,83.21,18.97
31,Atuona,0,PF,1563422480,69,-9.8,-139.03,80.33,11.27
32,Jamestown,58,AU,1563422454,70,-33.21,138.6,53.51,13.02
33,Lompoc,1,US,1563422261,82,34.64,-120.46,66.0,8.05
34,Hilo,90,US,1563422452,61,19.71,-155.08,80.6,8.05
35,La Asuncion,0,AR,1563422541,60,-26.05,-65.39,51.17,7.29
36,Poya,1,NC,1563422542,65,-21.35,165.16,67.73,9.04
37,Qaanaaq,0,GL,1563422543,55,77.48,-69.36,42.53,4.5
38,Busselton,100,AU,1563422425,67,-33.64,115.35,64.99,8.12
39,Presidencia Roque Saenz Pena,0,AR,1563422545,70,-26.79,-60.44,56.03,7.31
40,Narrabri,0,AU,1563422546,38,-30.33,149.78,61.0,6.93
41,Wellington,67,NZ,1563422291,58,-41.29,174.78,55.99,13.87
42,Bredasdorp,61,ZA,1563422464,67,-34.53,20.04,66.99,3.36
43,Pisco,0,PE,1563422550,87,-13.71,-76.2,60.8,10.29
44,Mataura,100,NZ,1563422430,80,-46.19,168.86,50.0,1.99
45,Nanortalik,100,GL,1563422552,95,60.14,-45.24,41.45,1.23
46,Kyzyl-Suu,79,KG,1563422553,69,42.34,78.0,65.93,5.82
47,Zarand,0,IR,1563422554,10,30.81,56.57,71.6,6.93
48,Vaini,40,IN,1563422417,83,15.34,74.49,75.2,4.7
49,Lebu,100,ET,1563422556,96,8.96,38.73,54.23,1.86
50,Namwala,44,ZM,1563422558,86,-15.75,26.45,45.59,2.66
51,Carutapera,12,BR,1563422559,90,-1.2,-46.02,75.11,3.38
52,Hermanus,100,ZA,1563422560,70,-34.42,19.24,66.99,18.01
53,Evensk,97,RU,1563422561,88,61.92,159.24,55.31,7.31
54,Quime,99,BO,1563422562,89,-16.98,-67.22,37.31,3.47
55,Airai,88,TL,1563422433,46,-8.93,125.41,82.85,4.25
56,Dunedin,86,NZ,1563422489,53,-45.87,170.5,51.01,5.99
57,Khandbari,10,NP,1563422565,79,27.38,87.21,65.21,4.18
58,Guerrero Negro,0,MX,1563422566,89,27.97,-114.04,66.65,9.48
59,Rikitea,25,PF,1563422271,72,-23.12,-134.97,70.79,25.23
60,Camacha,40,PT,1563422569,68,33.08,-16.33,68.0,16.11
61,Chokurdakh,96,RU,1563422570,60,70.62,147.9,43.79,8.84
62,Klaksvik,50,FO,1563422571,100,62.23,-6.59,50.0,8.05
63,Kruisfontein,19,ZA,1563422572,38,-34.0,24.73,53.51,6.17
64,Lorengau,17,PG,1563422573,80,-2.02,147.27,81.95,9.13
65,Punta Arenas,0,CL,1563422432,92,-53.16,-70.91,28.4,6.93
66,Ostrovnoy,1,RU,1563422362,74,68.05,39.51,50.27,8.46
67,Capinopolis,11,BR,1563422576,47,-18.68,-49.57,59.81,4.34
68,Los Llanos de Aridane,90,ES,1563422361,64,28.66,-17.92,71.6,20.8
69,Sabang,100,PH,1563422579,75,13.8,121.11,82.67,14.41
70,Yerbogachen,2,RU,1563422580,53,61.28,108.01,67.01,12.8
71,Te Anau,100,NZ,1563422581,89,-45.41,167.72,41.81,1.99
72,Lillooet,75,CA,1563422318,52,50.69,-121.94,69.8,11.41
73,Ballina,100,IE,1563422583,91,54.11,-9.15,57.99,7.0
74,Fortuna,0,ES,1563422300,83,38.18,-1.13,73.99,3.36
75,Nanakuli,75,US,1563422585,88,21.39,-158.15,86.0,18.34
76,Camargo,81,MX,1563422587,40,27.69,-105.17,82.67,5.08
77,Ribeira Grande,5,PT,1563422470,87,38.52,-28.7,71.69,15.01
78,Ajdabiya,0,LY,1563422589,76,30.75,20.22,76.73,13.38
79,Arraial do Cabo,99,BR,1563422468,77,-22.97,-42.02,65.75,9.98
80,Chuy,81,UY,1563422591,87,-33.69,-53.46,54.41,12.97
81,Saint-Philippe,1,CA,1563422592,83,45.36,-73.48,72.0,3.36
82,San Ramon,100,NI,1563422458,95,12.92,-85.84,67.55,6.22
83,Shimoda,75,JP,1563422594,83,34.7,138.93,82.4,2.24
84,Mount Gambier,90,AU,1563422596,81,-37.83,140.78,53.6,13.87
85,Kapaa,90,US,1563422413,62,22.08,-159.32,86.0,9.17
86,Anito,100,PH,1563422598,48,12.45,125.29,90.95,9.04
87,Alofi,75,NU,1563422599,88,-19.06,-169.92,77.0,10.29
88,Nara,75,JP,1563422507,74,34.68,135.8,91.0,4.7
89,Kazachinskoye,88,RU,1563422601,80,57.69,93.28,67.73,4.88
90,Bokovskaya,0,RU,1563422602,79,49.23,41.83,63.59,5.01
91,Impfondo,100,CD,1563422603,94,1.62,18.06,71.51,2.39
92,Sibu,75,MY,1563422604,66,2.29,111.83,86.0,5.82
93,Vila Velha,40,BR,1563422606,78,-3.71,-38.6,86.0,10.29
94,Antoniny,0,UA,1563422607,97,49.81,26.86,48.83,7.18
95,Hasaki,75,JP,1563422426,88,35.73,140.83,84.99,9.17
96,Kamenka,0,MD,1563422322,88,48.03,28.7,52.0,4.18
97,Hobyo,28,SO,1563422445,68,5.35,48.53,75.47,18.37
98,Dikson,73,RU,1563422349,64,73.51,80.55,46.85,7.81
99,Bonthe,100,SL,1563422612,88,7.53,-12.5,75.47,6.13
100,Pevek,34,RU,1563422613,94,69.7,170.27,32.27,7.94
101,Okato,100,NZ,1563422614,68,-39.19,173.88,56.21,16.53
102,Kirakira,22,SB,1563422615,84,-10.46,161.92,80.15,15.3
103,Petropavlovsk-Kamchatskiy,66,RU,1563422613,64,53.05,158.65,73.4,8.95
104,Codrington,0,AU,1563422618,32,-28.95,153.24,68.0,6.93
105,Ambon,20,FR,1563422619,100,47.55,-2.56,64.99,3.36
106,Thompson,90,CA,1563422620,64,55.74,-97.86,68.0,8.37
107,Bukama,0,CD,1563422621,42,-9.2,25.85,57.65,2.73
108,Kavieng,20,PG,1563422622,76,-2.57,150.8,83.39,13.24
109,Nome,1,US,1563422373,100,30.04,-94.42,84.0,3.36
110,Norrkoping,26,SE,1563422624,100,58.59,16.18,51.8,1.59
111,Barrow,89,AR,1563422626,75,-38.31,-60.23,54.77,17.54
112,Tautira,20,PF,1563422627,61,-17.73,-149.15,78.8,8.05
113,Luderitz,0,NA,1563422628,65,-26.65,15.16,51.8,3.36
114,Isla Vista,27,US,1563422629,82,34.41,-119.86,66.99,5.82
115,Taoudenni,0,ML,1563422446,20,22.68,-3.98,97.25,16.11
116,Mahebourg,40,MU,1563422631,56,-20.41,57.7,71.6,17.22
117,Georgetown,40,GY,1563422632,100,6.8,-58.16,75.2,4.7
118,Iskateley,36,RU,1563422633,67,67.68,53.15,51.71,10.18
119,Tasiilaq,0,GL,1563422635,81,65.61,-37.64,48.2,5.82
120,Kajaani,97,FI,1563422636,100,64.22,27.73,51.8,4.7
121,Bom Jesus,2,BR,1563422637,45,-9.08,-44.36,68.45,0.56
122,Avarua,1,CK,1563422638,69,-21.21,-159.78,75.2,16.11
123,Alice Springs,0,AU,1563422425,24,-23.7,133.88,69.8,11.41
124,Richards Bay,0,ZA,1563422640,38,-28.77,32.06,69.35,6.31
125,Cidreira,0,BR,1563422641,88,-30.17,-50.22,58.01,10.13
126,Faanui,0,PF,1563422643,75,-16.48,-151.75,76.73,18.9
127,Bambous Virieux,40,MU,1563422644,56,-20.34,57.76,71.6,17.22
128,Margate,75,AU,1563422645,53,-43.03,147.26,55.99,11.41
129,Novomykolayivka,0,UA,1563422646,92,48.54,32.26,53.33,7.45
130,Saint-Pierre,0,FR,1563422647,63,48.95,4.24,62.6,3.36
131,Coihaique,40,CL,1563422401,99,-45.58,-72.07,37.4,3.36
132,Union de San Antonio,75,MX,1563422650,68,21.1,-101.97,68.0,6.93
133,Butaritari,100,KI,1563422651,66,3.07,172.79,83.93,5.88
134,Comodoro Rivadavia,0,AR,1563422652,70,-45.87,-67.48,44.6,21.92
135,Tiksi,100,RU,1563422653,85,71.64,128.87,38.93,12.26
136,Ambilobe,78,MG,1563422654,66,-13.19,49.05,65.21,7.61
137,Ribeira Brava,20,PT,1563422655,68,32.65,-17.07,68.0,11.41
138,Batemans Bay,0,AU,1563422656,51,-35.71,150.18,64.0,2.77
139,Castro,40,CL,1563422457,87,-42.48,-73.76,44.6,11.41
140,Ayan,0,IR,1563422659,38,38.23,44.7,75.2,2.24
141,Pitimbu,0,BR,1563422660,94,-7.47,-34.81,71.6,5.82
142,Guaraciaba do Norte,1,BR,1563422661,80,-4.16,-40.75,67.73,3.94
143,Alenquer,0,BR,1563422662,94,-1.95,-54.74,71.6,2.24
144,Khatanga,0,RU,1563422663,42,71.98,102.47,64.13,5.53
145,Oriximina,100,BR,1563422664,85,-1.77,-55.87,77.27,5.01
146,Kaitangata,92,NZ,1563422494,61,-46.28,169.85,48.99,1.01
147,Upernavik,100,GL,1563422312,86,72.79,-56.15,45.23,10.96
148,Hithadhoo,99,MV,1563422391,70,-0.6,73.08,83.39,14.12
149,Prattville,1,US,1563422445,100,32.46,-86.46,82.4,2.28
150,Ust-Kut,100,RU,1563422670,85,56.78,105.75,68.27,3.44
151,Khandyga,99,RU,1563422671,79,62.65,135.58,58.37,9.51
152,Xining,100,CN,1563422672,78,36.62,101.77,55.49,1.19
153,Port Moresby,75,PG,1563422673,78,-9.47,147.16,80.6,20.8
154,Gorontalo,95,ID,1563422674,81,0.54,123.06,77.81,5.08
155,Yellowknife,75,CA,1563422435,56,62.45,-114.38,73.4,6.93
156,Chicama,90,PE,1563422676,88,-7.84,-79.15,62.6,10.29
157,Victoria,75,BN,1563422678,74,5.28,115.24,89.6,4.7
158,Natchitoches,1,US,1563422679,88,31.76,-93.09,80.6,3.36
159,Padang,100,ID,1563422680,82,-0.92,100.36,81.23,12.28
160,Sao Filipe,100,CV,1563422681,79,14.9,-24.5,73.49,5.32
161,Taksimo,93,RU,1563422682,52,56.36,114.84,75.65,6.24
162,Abakaliki,100,NG,1563422683,95,6.32,8.11,73.31,4.68
163,Lavrentiya,100,RU,1563422685,62,65.58,-170.99,60.53,4.09
164,Pasighat,0,IN,1563422686,59,28.06,95.33,85.55,1.74
165,Saint George,75,GR,1563422687,88,39.45,22.34,70.0,1.88
166,Katherine,87,AU,1563422688,20,-14.47,132.26,84.2,16.11
167,Dryden,75,CA,1563422689,93,49.79,-92.84,64.4,13.87
168,Meulaboh,67,ID,1563422690,79,4.14,96.13,81.95,9.19
169,Pathein,8,MM,1563422691,76,16.78,94.73,84.65,4.47
170,Morehead,75,US,1563422693,94,38.18,-83.43,73.99,8.05
171,Touros,20,BR,1563422694,100,-5.2,-35.46,71.6,4.7
172,Sharjah,100,AE,1563422695,67,25.36,55.39,93.2,6.93
173,Roald,92,NO,1563422461,93,62.58,6.12,55.4,2.24
174,Wasilla,1,US,1563422697,53,61.58,-149.44,73.4,14.99
175,Dublin,40,IE,1563422403,87,53.35,-6.26,57.0,10.29
176,Cherskiy,94,RU,1563422438,50,68.75,161.3,45.77,8.9
177,Bundaberg,0,AU,1563422700,21,-24.87,152.35,71.6,12.75
178,Pascagoula,0,US,1563422616,100,30.37,-88.56,84.2,3.8
179,Homer,1,US,1563422702,55,59.64,-151.54,71.01,12.75
180,Geraldton,90,CA,1563422704,68,49.72,-86.95,66.2,3.36
181,Ati,95,TD,1563422705,48,13.21,18.34,86.81,13.04
182,Nichinan,75,JP,1563422706,94,31.65,131.31,84.2,8.05
183,Pemba,0,MZ,1563422707,84,-12.97,40.52,70.79,13.11
184,Barao de Melgaco,0,BR,1563422708,65,-16.19,-55.97,77.0,4.7
185,Banda Aceh,82,ID,1563422709,73,5.56,95.32,83.93,16.28
186,Leningradskiy,98,RU,1563422710,91,69.38,178.42,37.31,9.91
187,Loviisa,0,FI,1563422441,87,60.46,26.23,62.01,6.93
188,Verkhnebakanskiy,20,RU,1563422713,94,44.84,37.66,68.0,8.95
189,Fort Nelson,75,CA,1563422714,68,58.81,-122.69,64.4,9.17
190,Walvis Bay,0,NA,1563422715,25,-22.95,14.51,66.2,2.24
191,Brezoi,0,RO,1563422716,87,45.34,24.24,52.0,4.7
192,Riberalta,42,BO,1563422717,75,-11.0,-66.08,74.03,1.43
193,Auki,100,NG,1563422719,80,12.18,6.51,75.83,10.71
194,Marawi,95,PH,1563422720,72,8.0,124.29,84.99,5.01
195,Namibe,0,AO,1563422424,76,-15.19,12.15,68.99,7.83
196,Igrim,83,RU,1563422722,90,63.19,64.42,63.05,3.0
197,Rio Gallegos,90,AR,1563422723,93,-51.62,-69.22,35.6,3.36
198,Suzuka,75,JP,1563422724,83,34.89,136.59,82.99,11.41
199,Hohhot,100,CN,1563422725,65,40.81,111.65,77.0,4.47
200,Suba,100,CN,1563422726,84,28.73,103.51,73.13,1.36
201,Rio Bonito,75,BR,1563422728,87,-22.71,-42.63,64.4,2.24
202,Sumbe,37,AO,1563422711,87,-11.2,13.84,69.35,3.06
203,Ilulissat,100,GL,1563422703,93,69.22,-51.1,44.6,1.12
204,Leiyang,70,CN,1563422731,63,26.42,112.85,92.03,3.8
205,Nicolas Bravo,90,MX,1563422732,40,24.39,-104.74,71.6,11.41
206,East London,0,ZA,1563422733,44,-33.02,27.91,59.0,8.05
207,Paamiut,100,GL,1563422734,95,61.99,-49.67,43.07,29.68
208,Kargil,0,PK,1563422711,36,34.56,76.13,54.77,2.01
209,Nemuro,75,JP,1563422737,88,43.32,145.57,69.8,13.87
210,Kandrian,43,PG,1563422738,85,-6.21,149.55,79.25,9.6
211,Broken Hill,75,AU,1563422739,58,-31.97,141.45,57.2,4.7
212,Mar del Plata,43,AR,1563422740,78,-46.43,-67.52,36.59,20.76
213,Lasa,40,CY,1563422741,78,34.92,32.53,77.0,9.17
214,Beloha,0,MG,1563422742,70,-25.17,45.06,61.07,5.86
215,Meaux,0,FR,1563422743,55,48.96,2.9,63.0,6.93
216,Ojinaga,40,US,1563422745,40,29.56,-104.41,86.0,14.99
217,Yulara,0,AU,1563422746,26,-25.24,130.99,69.8,8.05
218,Araripe,0,BR,1563422747,37,-7.21,-40.14,68.09,8.08
219,Abu Zabad,63,SD,1563422748,68,12.35,29.25,73.67,13.89
220,Havre-Saint-Pierre,20,CA,1563422749,54,50.23,-63.6,59.0,10.29
221,Port Lincoln,67,AU,1563422751,81,-34.72,135.86,56.93,26.82
222,Picota,20,PE,1563422752,290,-6.92,-76.33,62.6,3.36
223,Sinnamary,100,GF,1563422753,80,5.38,-52.96,81.95,10.65
224,Hami,100,CN,1563422754,43,42.84,93.51,79.25,4.52
225,Kindersley,75,CA,1563422755,82,51.47,-109.16,62.6,16.11
226,Bethel,90,US,1563422715,72,60.79,-161.76,60.8,11.41
227,Tazovskiy,95,RU,1563422663,71,67.47,78.7,58.19,6.98
228,Cachoeirinha,0,BR,1563422758,100,-29.95,-51.09,53.01,5.82
229,Barranca,100,PE,1563422759,87,-10.75,-77.76,61.61,17.09
230,Plettenberg Bay,57,ZA,1563422761,42,-34.05,23.37,57.47,4.43
231,Tuatapere,100,NZ,1563422762,80,-46.13,167.69,50.0,1.99
232,Vytegra,100,RU,1563422763,90,61.01,36.45,59.09,9.22
233,Wenling,46,CN,1563422764,70,28.38,121.38,93.0,7.25
234,Samana,0,EC,1563422765,96,0.12,-76.97,69.35,1.7
235,Sao Joao da Barra,23,BR,1563422534,87,-21.64,-41.05,58.91,3.76
236,Gubin,6,PL,1563422767,89,51.95,14.73,54.0,2.89
237,Atambua,100,ID,1563422769,66,-9.11,124.89,78.17,8.28
238,Kathu,0,ZA,1563422497,62,-27.7,23.05,37.99,6.46
239,Pacific Grove,75,US,1563422699,87,36.62,-121.92,69.01,4.7
240,Kamaishi,75,JP,1563422772,83,39.28,141.86,73.4,12.75
241,Nyurba,0,RU,1563422773,42,63.29,118.35,60.53,11.65
242,Great Yarmouth,100,GB,1563422774,87,52.61,1.73,62.01,5.82
243,Bambanglipuro,64,ID,1563422775,84,-7.95,110.28,75.47,18.7
244,Northam,75,AU,1563422776,77,-31.65,116.67,60.8,3.36
245,Penzance,100,GB,1563422778,93,50.12,-5.53,60.8,10.29
246,Saquena,28,PE,1563422779,98,-4.67,-73.52,72.05,1.54
247,Aktau,0,KZ,1563422780,48,43.65,51.16,86.0,20.13
248,Pontes e Lacerda,100,BR,1563422781,57,-15.23,-59.33,72.95,4.25
249,Waingapu,70,ID,1563422782,53,-9.65,120.26,81.59,15.1
250,The Valley,40,AI,1563422783,78,18.22,-63.06,82.4,10.29
251,Wattegama,100,LK,1563422784,93,7.35,80.68,74.75,5.61
252,Sitka,0,US,1563422736,52,37.17,-99.65,84.99,13.0
253,Phan Thiet,100,VN,1563422750,63,10.93,108.1,86.63,8.84
254,Tura,0,RU,1563422788,46,64.27,100.22,63.77,15.66
255,Bandarbeyla,92,SO,1563422789,56,9.49,50.81,78.89,30.27
256,Rio Branco,0,BR,1563422790,94,-9.98,-67.82,71.6,3.33
257,Bilma,17,NE,1563422791,23,18.69,12.92,92.03,13.98
258,Buraydah,0,SA,1563422792,41,26.33,43.97,78.8,8.05
259,Kirkuk,0,IQ,1563422793,25,35.47,44.4,81.95,4.5
260,Saskylakh,4,RU,1563422448,56,71.97,114.09,50.99,11.01
261,Caravelas,0,BR,1563422797,71,-17.73,-39.27,71.87,15.86
262,Baker City,90,US,1563422798,52,44.77,-117.83,77.0,12.75
263,Killybegs,100,IE,1563422799,91,54.63,-8.45,55.0,7.0
264,Panaba,100,MX,1563422523,74,21.28,-88.27,82.13,10.71
265,Kaeo,9,NZ,1563422801,100,-35.1,173.78,61.0,7.61
266,Samarai,97,PG,1563422802,80,-10.62,150.67,75.83,6.69
267,Santa Isabel,1,MX,1563422803,18,32.63,-115.58,98.6,17.22
268,Pedernales,20,EC,1563422804,89,0.07,-80.05,73.49,15.03
269,Sorrento,75,AU,1563422806,72,-31.82,115.75,64.99,8.05
270,Wajima,75,JP,1563422807,83,37.4,136.9,78.8,5.82
271,Beira,0,ES,1563422760,100,43.2,-8.36,60.01,2.24
272,Anadyr,40,RU,1563422809,82,64.73,177.51,60.8,9.71
273,Narsaq,100,GL,1563422810,71,60.91,-46.05,50.0,5.82
274,Beipiao,0,CN,1563422811,49,41.8,120.76,83.03,6.62
275,Clyde River,90,CA,1563422812,100,70.47,-68.59,35.6,8.05
276,Cap-Haitien,100,HT,1563422813,77,19.76,-72.2,82.49,20.71
277,Ekibastuz,99,KZ,1563422815,65,51.72,75.32,73.31,10.42
278,Taunggyi,92,MM,1563422817,80,20.78,97.03,78.35,1.83
279,Gamba,2,CN,1563422818,51,28.28,88.52,46.85,4.68
280,Druzhba,0,UA,1563422819,95,49.36,25.65,49.19,8.03
281,San Quintin,100,PH,1563422820,91,17.54,120.52,77.81,20.2
282,Ayotzintepec,82,MX,1563422821,90,17.67,-96.13,52.97,1.61
283,Marsa Matruh,0,EG,1563422822,83,31.35,27.25,73.4,5.82
284,Aksarka,68,RU,1563422824,75,66.56,67.8,70.43,12.39
285,Vallenar,23,CL,1563422825,84,-28.58,-70.76,47.57,1.54
286,Katsuura,75,JP,1563422826,88,33.93,134.5,82.0,16.11
287,Saint-Ambroise,5,CA,1563422827,71,48.56,-71.32,57.2,2.24
288,Praia da Vitoria,20,PT,1563422828,83,38.73,-27.07,71.6,10.69
289,Cairns,20,AU,1563422680,44,-16.92,145.77,77.0,16.11
290,Amahai,100,ID,1563422830,89,-3.31,129.0,77.45,13.0
291,Matamoros,1,US,1563422832,83,25.87,-97.51,84.2,9.17
292,Canton,1,US,1563422607,88,40.8,-81.38,73.4,4.74
293,Fairbanks,40,US,1563422572,49,64.84,-147.72,75.99,5.82
294,Marica,75,BR,1563422835,87,-22.92,-42.82,64.4,2.24
295,Oranjemund,0,ZA,1563422836,73,-28.55,16.43,55.67,5.12
296,San Rafael,0,AR,1563422837,39,-34.61,-68.33,52.97,11.25
297,Eyl,61,SO,1563422838,58,7.98,49.82,75.29,27.67
298,Mabaruma,34,GY,1563422839,99,8.2,-59.78,73.13,2.13
299,Kingman,1,US,1563422775,23,35.19,-114.05,102.2,9.17
300,Sortland,100,NO,1563422842,76,68.69,15.42,50.0,13.87
301,Tiznit,0,MA,1563422843,89,29.7,-9.73,66.11,18.57
302,San Juan,90,AR,1563422693,16,-31.54,-68.53,53.33,9.71
303,Lagoa,0,PT,1563422845,68,37.14,-8.45,69.8,6.93
304,Saint-Jerome,20,CA,1563422680,59,45.78,-74.0,72.0,2.24
305,Aguada de Pasajeros,100,CU,1563422847,86,22.38,-80.85,78.17,4.61
306,Baykit,0,RU,1563422848,55,61.68,96.39,73.67,12.44
307,Maceio,40,BR,1563422850,83,-9.67,-35.74,71.6,8.05
308,Ust-Kuyga,100,RU,1563422851,65,70.0,135.55,43.79,18.97
309,Provideniya,75,RU,1563422852,72,64.42,-173.23,59.0,17.9
310,Taree,0,AU,1563422853,32,-31.91,152.46,69.01,14.99
311,Half Moon Bay,5,US,1563422755,64,37.46,-122.43,73.99,6.93
312,Agbor,69,NG,1563422855,99,6.26,6.15,70.97,2.82
313,Sangmelima,100,CM,1563422856,99,2.93,11.98,67.91,3.36
314,Askino,37,RU,1563422858,72,56.09,56.58,63.59,5.48
315,Simpang,67,ID,1563422859,61,4.36,96.17,85.55,3.13
316,Puerto del Rosario,90,ES,1563422860,68,28.5,-13.86,69.8,20.8
317,Vardo,40,US,1563422311,94,39.62,-77.74,77.0,2.44
318,Kavaratti,90,IN,1563422794,88,10.57,72.64,80.6,23.04
319,General Pico,0,AR,1563422863,86,-35.66,-63.75,52.61,3.83
320,Vostok,24,RU,1563422864,82,46.45,135.83,72.05,9.1
321,Lufilufi,90,WS,1563422865,94,-13.87,-171.6,78.8,12.75
322,Tambo,98,PE,1563422867,82,-12.95,-74.02,44.15,3.11
323,Dasoguz,0,TM,1563422868,35,41.84,59.97,89.6,6.93
324,Pishin,0,PK,1563422869,42,30.58,67.0,80.33,3.74
325,Galesong,2,ID,1563422870,77,-5.32,119.37,79.97,17.16
326,Llangefni,93,GB,1563422871,82,53.26,-4.31,59.0,8.05
327,Nueva Granada,61,CO,1563422872,84,9.8,-74.39,76.01,3.69
328,Madingou,42,CG,1563422873,92,-4.17,13.56,69.71,3.67
329,Quatre Cocos,40,MU,1563422874,56,-20.21,57.76,71.6,17.22
330,Hervey Bay,0,AU,1563422876,21,-25.3,152.85,71.6,12.75
331,Ucluelet,1,CA,1563422663,88,48.94,-125.55,61.0,4.0
332,Soubre,69,CI,1563422878,98,5.79,-6.61,70.43,3.24
333,Cap Malheureux,40,MU,1563422879,56,-19.98,57.61,71.6,17.22
334,Omboue,85,GA,1563422880,89,-1.57,9.26,74.93,13.27
335,Trincomalee,100,LK,1563422881,64,8.58,81.23,85.19,9.82
336,Hudson Bay,100,CA,1563422882,93,52.86,-102.4,58.55,5.41
337,Palmer,75,AU,1563422884,76,-34.85,139.16,59.0,16.11
338,Lahij,72,YE,1563422885,59,13.06,44.88,85.19,4.65
339,Plastun,100,RU,1563422886,89,44.76,136.29,69.89,2.08
340,North Olmsted,1,US,1563422714,88,41.42,-81.92,75.99,8.52
341,Kudahuvadhoo,100,MV,1563422888,71,2.67,72.89,82.67,18.72
342,Mount Pleasant,1,US,1563422889,83,33.16,-94.97,84.99,5.84
343,Jasdan,1,IN,1563422890,83,22.04,71.2,89.01,10.27
344,Saint-Augustin,20,CA,1563422892,59,45.63,-73.98,72.0,2.24
345,Sola,80,TZ,1563422893,61,-3.17,33.8,65.21,8.72
346,Vila Franca do Campo,20,PT,1563422894,82,37.72,-25.43,64.4,4.7
347,Uwajima,75,JP,1563422895,94,33.22,132.57,77.0,11.41
348,Novokorsunskaya,0,RU,1563422896,77,45.64,39.14,73.99,4.47
349,Bonavista,100,CA,1563422897,82,48.65,-53.11,57.99,11.01
350,Riyadh,0,SA,1563422898,17,24.63,46.72,80.6,5.82
351,Nizhniy Kuranakh,62,RU,1563422900,58,58.84,125.49,72.77,7.2
352,Kindu,0,CD,1563422901,50,-2.95,25.92,69.53,3.04
353,Port Keats,81,AU,1563422902,25,-14.25,129.55,85.37,11.03
354,Nowa Sol,84,PL,1563422903,100,51.8,15.72,54.0,2.75
355,Guangyuan,14,CN,1563422904,80,32.43,105.86,80.01,3.78
356,Portland,1,US,1563422862,94,43.66,-70.25,73.99,4.7
357,Dundee,40,GB,1563422906,93,56.46,-2.97,55.4,11.41
358,Lamu,86,CN,1563422907,51,35.77,102.37,66.65,3.27
359,Carnarvon,58,ZA,1563422909,27,-30.97,22.13,44.69,5.95
360,Torbay,90,CA,1563422910,82,47.66,-52.73,62.01,13.87
361,Uyuni,83,BO,1563422911,35,-20.46,-66.82,39.29,5.66
362,Coquimbo,0,CL,1563422912,93,-29.95,-71.34,48.2,3.36
363,Phuket,40,TH,1563422793,88,7.89,98.4,87.8,3.36
364,Port Macquarie,0,AU,1563422914,32,-31.43,152.91,73.0,14.99
365,Kangaba,100,ML,1563422915,92,11.94,-8.41,73.31,2.86
366,Moron,9,HT,1563422916,80,18.56,-74.26,79.79,4.09
367,Tiarei,20,PF,1563422918,61,-17.53,-149.33,78.8,8.05
368,Severo-Yeniseyskiy,55,RU,1563422919,59,60.37,93.04,73.49,8.77
369,Fukue,75,JP,1563422920,83,35.03,136.69,82.99,11.41
370,Sibolga,97,ID,1563422467,76,1.74,98.78,81.41,5.75
371,Haian,100,CN,1563422922,69,32.53,120.46,88.0,7.87
372,Chimoio,0,MZ,1563422923,93,-19.11,33.48,53.6,2.59
373,San Patricio,0,PY,1563422479,87,-26.98,-56.83,52.25,6.2
374,Cedar City,1,US,1563422670,12,37.68,-113.06,75.2,9.17
375,Hammerfest,100,NO,1563422927,87,70.66,23.68,44.6,4.7
376,Ypsonas,20,CY,1563422928,78,34.69,32.96,77.0,10.29
377,Gizo,0,IL,1563422810,83,31.8,34.94,78.8,4.7
378,Vestmanna,87,FO,1563422930,100,62.16,-7.17,50.0,8.05
379,Cabedelo,0,BR,1563422931,94,-6.97,-34.84,71.6,5.82
380,Broome,94,GB,1563422932,87,52.47,1.45,62.6,5.82
381,Kalmar,0,SE,1563422933,100,56.66,16.36,57.0,3.36
382,Xichang,100,CN,1563422935,90,27.88,102.25,66.11,3.13
383,Great Bend,1,US,1563422936,54,38.36,-98.78,89.6,10.29
384,Nandu,75,CN,1563422937,79,31.44,119.33,86.0,6.71
385,Champasak,90,LA,1563422938,83,14.89,105.88,82.4,6.93
386,Hofn,100,IS,1563422939,97,64.25,-15.21,41.45,16.24
387,Kenai,1,US,1563422940,59,60.55,-151.26,71.6,10.29
388,Hamilton,90,CA,1563422775,100,43.26,-79.87,75.2,9.17
389,Gombong,15,ID,1563422943,50,-7.19,109.31,84.47,5.68
390,Itaiba,18,BR,1563422944,98,-8.95,-37.42,63.23,8.23
391,Stovring,32,DK,1563422945,92,56.89,9.84,57.0,4.32
392,Westport,90,US,1563422841,94,41.14,-73.36,73.99,3.36
393,Warri,96,NG,1563422947,88,5.52,5.75,76.55,8.66
394,Iqaluit,75,CA,1563422948,71,63.75,-68.52,51.8,4.12
395,Barinas,0,VE,1563422949,92,8.64,-70.23,71.51,2.17
396,Drexel Heights,1,US,1563422950,33,32.14,-111.03,96.8,16.11
397,Henties Bay,0,NA,1563422952,60,-22.12,14.28,61.61,14.16
398,Yeppoon,0,AU,1563422953,17,-23.13,150.74,73.4,12.75
399,Khani,40,GE,1563422954,100,41.96,42.96,69.8,4.7
400,Kawhia,2,NZ,1563422955,81,-38.07,174.82,57.0,5.01
401,Miraflores,75,PE,1563422956,16,-16.39,-71.52,59.0,5.82
402,Bilibino,99,RU,1563422785,59,68.06,166.44,43.25,6.13
403,Salamiyah,13,SY,1563422914,81,35.01,37.05,70.97,11.83
404,Hirara,75,JP,1563422960,100,24.8,125.28,78.8,33.33
405,Maralal,0,KE,1563422961,78,1.1,36.7,57.29,12.46
406,Salinas,75,US,1563422962,87,36.67,-121.66,66.99,4.7
407,Gushikawa,90,JP,1563422963,83,26.35,127.87,82.4,20.8
408,Sorland,0,NO,1563422964,82,67.67,12.69,48.47,19.57
409,Pescia,0,IT,1563422965,100,43.9,10.69,64.99,5.82
410,Mount Isa,0,AU,1563422967,17,-20.73,139.49,77.0,12.75
411,Perelyub,0,RU,1563422968,77,51.87,50.37,66.83,4.43
412,Puerto Madryn,0,AR,1563422969,45,-42.77,-65.04,47.03,25.52
413,Levelland,7,US,1563422970,45,33.59,-102.38,84.99,7.0
414,Talnakh,0,RU,1563422743,44,69.49,88.39,75.2,4.47
415,Pemberton,54,AU,1563422770,69,-34.44,116.03,64.99,2.75
416,Mudanjiang,2,CN,1563422973,73,44.58,129.6,77.63,2.39
417,Point Fortin,40,TT,1563422974,94,10.16,-61.68,75.99,13.85
418,Lynchburg,1,US,1563422685,88,37.41,-79.14,78.8,4.7
419,Dong Hoi,90,VN,1563422977,56,17.48,106.6,90.77,5.28
420,Berlevag,75,NO,1563422978,87,70.86,29.09,44.6,11.41
421,Salalah,90,OM,1563422979,100,17.01,54.1,77.0,3.36
422,Mweka,0,CD,1563422980,50,-4.85,21.56,65.93,1.74
423,Pato Branco,0,BR,1563422981,94,-26.23,-52.67,45.59,5.7
424,Nakusp,84,CA,1563422982,96,50.24,-117.8,55.99,1.01
425,Daru,95,PG,1563422984,88,-9.07,143.21,76.01,10.58
426,Kaseda,75,JP,1563422985,83,31.42,130.32,84.2,10.29
427,Port Hawkesbury,90,CA,1563422986,94,45.62,-61.36,70.0,10.29
428,Natal,20,BR,1563422987,100,-5.81,-35.21,75.2,4.7
429,Saint-Francois,0,FR,1563422988,82,46.42,3.91,55.4,4.05
430,Xushan,75,CN,1563422989,70,30.18,121.25,90.0,6.71
431,Bonga,84,ET,1563422990,99,7.26,36.25,52.97,0.72
432,Tongliao,19,CN,1563422992,33,43.61,122.27,91.49,8.12
433,Harper,1,US,1563422993,61,30.3,-99.24,82.4,10.29
434,Sydney,0,AU,1563422833,27,-33.85,151.22,69.01,11.41
435,Russell,1,US,1563422440,40,38.9,-98.86,89.6,17.22
436,Nantucket,90,US,1563422996,100,41.28,-70.1,75.0,4.7
437,Sajanan,0,TN,1563422997,82,37.06,9.24,68.0,3.36
438,Ancud,40,CL,1563422998,87,-41.87,-73.83,44.6,11.41
439,Velyka Bilozerka,0,UA,1563422999,65,47.27,34.68,64.99,5.66
440,Southampton,100,GB,1563423000,93,50.9,-1.4,64.0,8.05
441,Esmeraldas,0,BR,1563423002,81,-19.76,-44.31,57.2,4.7
442,Puente Grande,90,MX,1563423003,72,20.57,-103.15,68.0,6.93
443,Faya,0,SA,1563422709,37,18.39,42.45,69.8,2.55
444,Karratha,0,AU,1563423005,11,-20.74,116.85,78.71,17.0
445,Huilong,27,CN,1563423006,76,31.15,106.5,84.83,3.47
446,Mandali,0,IQ,1563423007,18,33.75,45.55,91.13,10.27
447,Byron Bay,0,AU,1563423008,30,-28.65,153.62,72.0,6.93
448,Montgomery,1,US,1563422773,100,32.37,-86.3,82.4,2.28
449,Ambunti,63,PG,1563423011,51,-4.22,142.82,93.11,0.98
450,Youhao,80,CN,1563423012,53,47.86,128.84,80.15,2.64
451,Ejido,4,VE,1563423013,78,8.55,-71.24,65.57,6.69
452,Lyaskelya,100,RU,1563423014,95,61.77,31.02,54.59,6.22
453,Sivaki,0,RU,1563423015,33,52.63,126.75,83.57,4.12
454,Amapa,75,HN,1563422804,83,15.09,-87.97,80.6,4.7
455,Linqing,28,CN,1563423017,44,36.85,115.71,92.03,4.92
456,Zuya,0,UA,1563423019,71,45.05,34.32,62.87,2.8
457,Talara,1,PE,1563423020,90,-4.58,-81.27,63.41,21.56
458,Carballo,0,ES,1563423021,100,43.21,-8.69,57.0,2.24
459,Hit,0,IQ,1563423022,20,33.64,42.83,85.73,12.66
460,Souillac,20,FR,1563423023,93,45.6,-0.6,64.99,5.82
461,Baryatino,52,RU,1563423024,97,54.31,34.52,52.97,3.31
462,Pilar,0,AR,1563423025,76,-34.46,-58.91,57.2,6.93
463,Pyapon,25,MM,1563423027,71,16.29,95.68,85.91,6.2
464,Road Town,1,VG,1563423028,83,18.42,-64.62,81.0,11.41
465,Monrovia,75,LR,1563423029,94,6.33,-10.8,75.2,10.16
466,Grindavik,0,IS,1563422344,93,63.84,-22.43,51.8,12.75
467,Camacupa,0,AO,1563423031,49,-12.02,17.48,50.09,3.56
468,Winslow,62,GB,1563423032,82,51.94,-0.88,62.01,4.7
469,Araouane,24,ML,1563423033,25,18.9,-3.53,94.37,11.18
470,Eutin,0,DE,1563423035,100,54.14,10.62,54.0,1.12
471,Constitucion,90,MX,1563423036,40,23.99,-104.67,71.6,11.41
472,Seoul,20,KR,1563422865,52,37.57,126.98,87.8,1.12
473,Nuuk,100,GL,1563423038,87,64.17,-51.74,50.0,3.36
474,Nador,0,MA,1563423039,83,35.17,-2.93,71.6,2.24
475,Crotone,0,IT,1563423040,60,39.09,17.12,68.99,2.91
476,Sauda,83,NO,1563423042,93,59.65,6.35,55.0,2.04
477,Balikpapan,98,ID,1563423043,67,-1.24,116.86,82.67,5.7
478,Port-Cartier,20,CA,1563423044,62,50.03,-66.88,57.99,4.7
479,Bratsk,40,RU,1563423045,73,56.15,101.63,75.2,6.71
480,Klobuck,90,PL,1563423046,88,50.9,18.94,54.0,3.78
481,Babu,93,CN,1563423047,77,23.23,104.89,76.19,4.38
482,Palauig,100,PH,1563423048,77,15.44,119.9,83.57,25.88
483,Cotonou,40,BJ,1563423050,88,6.37,2.43,77.0,12.75
484,Rhyl,75,GB,1563423051,93,53.32,-3.49,59.0,10.29
485,Zapolyarnyy,75,RU,1563423052,93,69.43,30.82,46.4,3.36
486,Sao Jose da Coroa Grande,0,BR,1563423053,92,-8.9,-35.15,68.27,3.62
487,Shimanovsk,0,RU,1563423054,46,52.0,127.67,79.07,7.81
488,Akdepe,0,TM,1563423055,9,42.05,59.39,95.0,9.17
489,Yuci,0,CN,1563423057,35,37.68,112.73,87.8,2.24
490,Pangkalanbuun,82,ID,1563423058,67,-2.68,111.62,84.29,5.35
491,Barcelos,0,BR,1563423059,92,-0.97,-62.93,73.49,0.45
492,Camopi,100,GF,1563423060,98,3.17,-52.33,71.69,2.08
493,Ranong,75,TH,1563423061,100,9.96,98.62,78.8,2.24
494,Ningxiang,20,CN,1563423063,59,28.28,112.55,91.4,2.24
495,Sorong,66,ID,1563423064,68,-0.86,131.25,84.83,4.47
496,Buala,3,SB,1563423065,79,-8.15,159.59,81.95,10.85
497,Vestmannaeyjar,44,IS,1563422775,92,63.44,-20.27,51.71,15.05
498,Norman Wells,90,CA,1563422340,82,65.28,-126.83,66.2,4.7
499,Manaure,0,CO,1563423068,84,11.78,-72.45,78.89,19.55
500,Mandla,21,IN,1563423069,60,22.6,80.37,85.91,11.65
501,Lata,48,IN,1563422783,82,30.78,78.62,47.93,4.9
502,Keuruu,0,FI,1563423072,100,62.26,24.71,55.99,2.24
503,Rio Grande,0,BR,1563422943,97,-32.03,-52.1,50.81,5.99
504,Tottori,75,JP,1563423074,94,35.5,134.23,73.4,9.17
505,Haines Junction,100,CA,1563423075,81,60.75,-137.51,53.33,6.93
506,Kazerun,0,IR,1563423076,30,29.62,51.65,82.31,0.96
507,Santa Helena de Goias,0,BR,1563423077,51,-17.81,-50.6,60.35,4.03
508,Isangel,75,VU,1563423078,57,-19.55,169.27,77.0,9.17
509,Kimbe,22,PG,1563423080,56,-5.56,150.15,88.97,8.08
510,Carnot,93,CF,1563423081,97,4.94,15.87,67.01,1.92
511,Thunder Bay,90,CA,1563422821,87,48.41,-89.26,61.0,12.75
512,Oksfjord,100,NO,1563423083,87,70.24,22.35,50.0,4.7
513,Yenagoa,100,NG,1563423084,94,4.92,6.26,74.75,6.55
514,Dolores Hidalgo,75,MX,1563423010,68,21.16,-100.93,68.0,6.93
515,Kayerkan,0,RU,1563423086,44,69.35,87.76,75.2,4.47
516,Ketchikan,90,US,1563423087,87,55.34,-131.65,57.2,6.93
517,Jishou,58,CN,1563423089,77,28.26,109.7,83.75,4.63
518,Vyartsilya,100,RU,1563423090,97,62.18,30.69,53.51,5.55
519,Beringovskiy,62,RU,1563423091,59,63.05,179.32,68.45,7.05
520,Larap,98,PH,1563423092,73,14.3,122.65,87.17,20.62
521,Chernyshevskiy,0,RU,1563423093,41,63.01,112.47,61.97,11.48
522,Encruzilhada do Sul,0,BR,1563423095,96,-30.54,-52.52,49.73,4.81
523,Balkanabat,0,TM,1563423096,56,39.51,54.36,82.49,7.67
524,Luau,0,CD,1563423097,37,-10.7,22.23,53.51,4.61
525,Tapejara,67,BR,1563423098,84,-23.73,-52.87,52.25,10.45
526,Pundaguitan,100,PH,1563423099,71,6.37,126.17,83.39,8.48
527,Komsomolskiy,100,RU,1563423100,94,67.55,63.78,60.53,14.0
528,Pauini,89,BR,1563423101,73,-7.71,-67.0,75.65,0.89
529,Zhigansk,0,RU,1563423103,42,66.77,123.37,55.49,31.9
530,Eureka,20,US,1563422991,88,40.8,-124.16,64.99,10.29
531,Shenjiamen,70,CN,1563423105,86,29.96,122.3,81.05,10.85
532,Victoria,75,BN,1563423106,74,5.28,115.24,89.6,4.7
533,Pervomayskoye,95,RU,1563423107,76,57.07,86.23,66.83,3.38
534,Avanigadda,90,IN,1563423108,66,16.02,80.92,87.8,3.36
535,Joshimath,42,IN,1563423110,70,30.57,79.57,61.79,4.09
536,Cortez,1,US,1563423111,30,37.35,-108.58,71.6,4.7
537,Chernihiv,56,UA,1563423112,97,51.49,31.29,51.35,8.75
538,Saint Anthony,1,US,1563423113,40,43.97,-111.68,75.2,8.05
539,Adelaide,75,AU,1563422918,76,-34.93,138.6,59.0,16.11
540,Aripuana,15,BR,1563423115,53,-9.17,-60.63,74.75,1.5
541,Huinan,83,CN,1563423116,71,42.68,126.04,78.53,8.19
542,Bytow,0,PL,1563422819,100,54.17,17.49,48.99,1.12
543,Laguna,40,BZ,1563423119,88,16.17,-88.94,80.6,6.93
544,Juneau,90,US,1563423120,72,58.3,-134.42,62.6,5.82
545,Zabol,0,IR,1563423121,16,31.03,61.49,93.2,26.4
546,Yinchuan,90,CN,1563423122,48,38.48,106.21,79.43,5.64
547,Shiyan,100,CN,1563423123,98,32.65,110.78,68.45,3.98
